arg,value
model,CONVOLUTIONAL
logFormat,ADFALD
logName,UTD-0023.txt
logPath,F:\UniLocal\SLogAn\dat\HostLogs\ADFA-LD_Logs\Training_Data_Master\UTD-0023.txt
isTraining,True
isAnomalous,False
isHostLog,True
doDebug,True
vocabulary,"{""0"": ""UNK"", ""1"": ""io_setup"", ""2"": ""io_destroy"", ""3"": ""io_submit"", ""4"": ""io_cancel"", ""5"": ""io_getevents"", ""6"": ""setxattr"", ""7"": ""lsetxattr"", ""8"": ""fsetxattr"", ""9"": ""getxattr"", ""10"": ""lgetxattr"", ""11"": ""fgetxattr"", ""12"": ""listxattr"", ""13"": ""llistxattr"", ""14"": ""flistxattr"", ""15"": ""removexattr"", ""16"": ""lremovexattr"", ""17"": ""fremovexattr"", ""18"": ""getcwd"", ""19"": ""lookup_dcookie"", ""20"": ""eventfd2"", ""21"": ""epoll_create1"", ""22"": ""epoll_ctl"", ""23"": ""epoll_pwait"", ""24"": ""dup"", ""25"": ""dup3"", ""27"": ""inotify_init1"", ""28"": ""inotify_add_watch"", ""29"": ""inotify_rm_watch"", ""30"": ""ioctl"", ""31"": ""ioprio_set"", ""32"": ""ioprio_get"", ""33"": ""flock"", ""34"": ""mknodat"", ""35"": ""mkdirat"", ""36"": ""unlinkat"", ""37"": ""symlinkat"", ""38"": ""linkat"", ""39"": ""renameat"", ""40"": ""umount2"", ""41"": ""mount"", ""42"": ""pivot_root"", ""43"": ""nfsservctl"", ""48"": ""fallocate"", ""49"": ""faccessat"", ""50"": ""chdir"", ""51"": ""fchdir"", ""52"": ""chroot"", ""53"": ""fchmod"", ""54"": ""fchmodat"", ""55"": ""fchownat"", ""56"": ""fchown"", ""57"": ""openat"", ""58"": ""close"", ""59"": ""vhangup"", ""60"": ""pipe2"", ""61"": ""quotactl"", ""62"": ""getdents64"", ""64"": ""read"", ""65"": ""write"", ""66"": ""readv"", ""67"": ""writev"", ""68"": ""pread64"", ""69"": ""pwrite64"", ""70"": ""preadv"", ""71"": ""pwritev"", ""73"": ""pselect6"", ""74"": ""ppoll"", ""75"": ""signalfd4"", ""76"": ""vmsplice"", ""77"": ""splice"", ""78"": ""tee"", ""79"": ""readlinkat"", ""82"": ""sync"", ""83"": ""fsync"", ""84"": ""fdatasync"", ""85"": ""sync_file_range"", ""86"": ""timerfd_create"", ""87"": ""timerfd_settime"", ""88"": ""timerfd_gettime"", ""89"": ""utimensat"", ""90"": ""acct"", ""91"": ""capget"", ""92"": ""capset"", ""93"": ""personality"", ""94"": ""exit"", ""95"": ""exit_group"", ""96"": ""waitid"", ""97"": ""set_tid_address"", ""98"": ""unshare"", ""99"": ""futex"", ""100"": ""set_robust_list"", ""101"": ""get_robust_list"", ""102"": ""nanosleep"", ""103"": ""getitimer"", ""104"": ""setitimer"", ""105"": ""kexec_load"", ""106"": ""init_module"", ""107"": ""delete_module"", ""108"": ""timer_create"", ""109"": ""timer_gettime"", ""110"": ""timer_getoverrun"", ""111"": ""timer_settime"", ""112"": ""timer_delete"", ""113"": ""clock_settime"", ""114"": ""clock_gettime"", ""115"": ""clock_getres"", ""116"": ""clock_nanosleep"", ""117"": ""syslog"", ""118"": ""ptrace"", ""119"": ""sched_setparam"", ""120"": ""sched_setscheduler"", ""121"": ""sched_getscheduler"", ""122"": ""sched_getparam"", ""123"": ""sched_setaffinity"", ""124"": ""sched_getaffinity"", ""125"": ""sched_yield"", ""126"": ""sched_get_priority_max"", ""127"": ""sched_get_priority_min"", ""128"": ""sched_rr_get_interval"", ""129"": ""restart_syscall"", ""130"": ""kill"", ""131"": ""tkill"", ""132"": ""tgkill"", ""133"": ""sigaltstack"", ""134"": ""rt_sigsuspend"", ""135"": ""rt_sigaction"", ""136"": ""rt_sigprocmask"", ""137"": ""rt_sigpending"", ""138"": ""rt_sigtimedwait"", ""139"": ""rt_sigqueueinfo"", ""140"": ""rt_sigreturn"", ""141"": ""setpriority"", ""142"": ""getpriority"", ""143"": ""reboot"", ""144"": ""setregid"", ""145"": ""setgid"", ""146"": ""setreuid"", ""147"": ""setuid"", ""148"": ""setresuid"", ""149"": ""getresuid"", ""150"": ""setresgid"", ""151"": ""getresgid"", ""152"": ""setfsuid"", ""153"": ""setfsgid"", ""154"": ""times"", ""155"": ""setpgid"", ""156"": ""getpgid"", ""157"": ""getsid"", ""158"": ""setsid"", ""159"": ""getgroups"", ""160"": ""setgroups"", ""161"": ""uname"", ""162"": ""sethostname"", ""163"": ""setdomainname"", ""164"": ""getrlimit"", ""165"": ""setrlimit"", ""166"": ""getrusage"", ""167"": ""umask"", ""168"": ""prctl"", ""169"": ""getcpu"", ""170"": ""gettimeofday"", ""171"": ""settimeofday"", ""172"": ""adjtimex"", ""173"": ""getpid"", ""174"": ""getppid"", ""175"": ""getuid"", ""176"": ""geteuid"", ""177"": ""getgid"", ""178"": ""getegid"", ""179"": ""gettid"", ""180"": ""sysinfo"", ""181"": ""mq_open"", ""182"": ""mq_unlink"", ""183"": ""mq_timedsend"", ""184"": ""mq_timedreceive"", ""185"": ""mq_notify"", ""186"": ""mq_getsetattr"", ""187"": ""msgget"", ""188"": ""msgctl"", ""189"": ""msgrcv"", ""190"": ""msgsnd"", ""191"": ""semget"", ""192"": ""semctl"", ""193"": ""semtimedop"", ""194"": ""semop"", ""195"": ""shmget"", ""196"": ""shmctl"", ""197"": ""shmat"", ""198"": ""shmdt"", ""199"": ""socket"", ""200"": ""socketpair"", ""201"": ""bind"", ""202"": ""listen"", ""203"": ""accept"", ""204"": ""connect"", ""205"": ""getsockname"", ""206"": ""getpeername"", ""207"": ""sendto"", ""208"": ""recvfrom"", ""209"": ""setsockopt"", ""210"": ""getsockopt"", ""211"": ""shutdown"", ""212"": ""sendmsg"", ""213"": ""recvmsg"", ""214"": ""readahead"", ""215"": ""brk"", ""216"": ""munmap"", ""217"": ""mremap"", ""218"": ""add_key"", ""219"": ""request_key"", ""220"": ""keyctl"", ""221"": ""clone"", ""222"": ""execve"", ""225"": ""swapon"", ""226"": ""swapoff"", ""227"": ""mprotect"", ""228"": ""msync"", ""229"": ""mlock"", ""230"": ""munlock"", ""231"": ""mlockall"", ""232"": ""munlockall"", ""233"": ""mincore"", ""234"": ""madvise"", ""235"": ""remap_file_pages"", ""236"": ""mbind"", ""237"": ""get_mempolicy"", ""238"": ""set_mempolicy"", ""239"": ""migrate_pages"", ""240"": ""move_pages"", ""241"": ""rt_tgsigqueueinfo"", ""242"": ""perf_event_open"", ""243"": ""accept4"", ""244"": ""recvmmsg"", ""245"": ""arch_specific_syscall"", ""261"": ""wait4"", ""262"": ""prlimit64"", ""263"": ""fanotify_init"", ""264"": ""fanotify_mark"", ""265"": ""syscalls"", ""1025"": ""open"", ""1026"": ""link"", ""1027"": ""unlink"", ""1028"": ""mknod"", ""1029"": ""chmod"", ""1030"": ""chown"", ""1031"": ""mkdir"", ""1032"": ""rmdir"", ""1033"": ""lchown"", ""1034"": ""access"", ""1035"": ""rename"", ""1036"": ""readlink"", ""1037"": ""symlink"", ""1038"": ""utimes"", ""1041"": ""pipe"", ""1042"": ""dup2"", ""1043"": ""epoll_create"", ""1044"": ""inotify_init"", ""1045"": ""eventfd"", ""1046"": ""signalfd"", ""1047"": ""sendfile"", ""1048"": ""ftruncate"", ""1049"": ""truncate"", ""1050"": ""stat"", ""1051"": ""lstat"", ""1052"": ""fstat"", ""1053"": ""fcntl"", ""1054"": ""fadvise64"", ""1055"": ""newfstatat"", ""1056"": ""fstatfs"", ""1057"": ""statfs"", ""1058"": ""lseek"", ""1059"": ""mmap"", ""1060"": ""alarm"", ""1061"": ""getpgrp"", ""1062"": ""pause"", ""1063"": ""time"", ""1064"": ""utime"", ""1065"": ""creat"", ""1066"": ""getdents"", ""1067"": ""futimesat"", ""1068"": ""select"", ""1069"": ""poll"", ""1070"": ""epoll_wait"", ""1071"": ""ustat"", ""1072"": ""vfork"", ""1073"": ""oldwait4"", ""1074"": ""recv"", ""1075"": ""send"", ""1076"": ""bdflush"", ""1077"": ""umount"", ""1078"": ""uselib"", ""1079"": ""_sysctl"", ""1080"": ""fork"", ""9999"": ""PAD""}"
embedding,"{""0"": [-0.37, 0.44, 0.54, -0.77], ""1"": [0.12, 0.2, 0.77, 0.2], ""2"": [-0.2, 0.94, -0.04, -0.38], ""3"": [-0.26, 0.17, 0.5, 0.01], ""4"": [0.28, -0.78, -0.65, -0.4], ""5"": [0.62, -0.49, -0.28, 0.44], ""6"": [-0.63, -0.75, -0.89, 0.55], ""7"": [-0.18, 0.52, 0.69, 0.57], ""8"": [0.87, 0.16, 0.16, -0.61], ""9"": [-0.67, 0.34, 0.25, 0.43], ""10"": [-0.22, 0.06, 0.32, 0.9], ""11"": [0.54, -0.26, -0.2, 0.6], ""12"": [0.9, 0.33, -0.91, 0.81], ""13"": [0.78, 1.0, 0.24, 0.34], ""14"": [-0.74, -0.78, -0.49, -0.16], ""15"": [0.98, -0.13, -0.09, 0.13], ""16"": [-0.3, 0.49, 0.95, -0.25], ""17"": [-0.0, -0.68, -0.87, -0.59], ""18"": [0.42, 0.13, -0.06, -0.49], ""19"": [-0.78, 0.7, 0.01, -0.19], ""20"": [-0.81, -0.67, 0.92, 0.33], ""21"": [0.69, -0.49, -0.35, 0.85], ""22"": [-0.32, -0.44, -0.47, -0.02], ""23"": [-0.14, -0.8, -0.43, -0.23], ""24"": [-0.87, -0.1, -0.24, -0.59], ""25"": [-0.41, 0.9, -0.37, 0.12], ""27"": [0.56, 0.81, 0.24, 0.94], ""28"": [0.55, 0.35, 0.95, 0.68], ""29"": [0.21, -0.94, 0.68, 0.19], ""30"": [0.59, -0.84, -0.78, 0.14], ""31"": [0.62, -0.11, -0.56, -0.01], ""32"": [-0.31, -0.37, 0.37, 0.3], ""33"": [-0.96, 0.63, 0.27, -0.88], ""34"": [-0.16, 0.22, -0.41, 0.43], ""35"": [-0.23, -0.21, -0.69, -0.49], ""36"": [0.24, 0.38, -0.33, -0.49], ""37"": [-0.87, -0.84, 0.74, 0.93], ""38"": [-0.39, -0.72, 0.39, 0.66], ""39"": [-0.93, 0.86, 0.59, -0.44], ""40"": [0.47, -0.51, -0.34, 0.34], ""41"": [0.64, -0.65, 0.53, 0.5], ""42"": [0.72, 0.69, -0.43, 0.15], ""43"": [0.84, -0.52, -0.04, 0.61], ""48"": [0.13, -0.76, -0.03, 0.93], ""49"": [0.53, 0.69, 0.28, 0.04], ""50"": [0.46, 0.5, 0.19, -0.61], ""51"": [0.46, -0.69, 0.83, -0.04], ""52"": [-0.66, 0.41, 0.8, 0.91], ""53"": [-0.82, -0.58, 0.83, 0.22], ""54"": [-0.72, 0.26, 0.84, 0.42], ""55"": [0.75, -0.29, -0.36, -0.36], ""56"": [0.97, -0.37, -0.62, -0.86], ""57"": [-0.6, 0.65, -0.43, -0.31], ""58"": [0.53, -0.08, -0.99, -0.36], ""59"": [-0.32, -0.48, -0.42, 0.01], ""60"": [0.3, -0.77, -0.1, -0.81], ""61"": [0.13, -0.18, -0.59, -0.62], ""62"": [0.88, 0.33, -0.47, -0.28], ""64"": [0.98, -0.13, -0.11, -0.19], ""65"": [0.86, 0.94, -0.47, -0.54], ""66"": [0.41, -0.82, -0.26, -0.59], ""67"": [-0.53, -0.67, 0.37, 0.98], ""68"": [-0.07, -0.87, -0.16, 0.92], ""69"": [0.65, -0.78, 0.36, -0.49], ""70"": [0.95, 0.46, 0.09, 0.18], ""71"": [0.38, 0.3, -0.82, 0.17], ""73"": [-0.73, -0.37, 0.43, -0.48], ""74"": [-0.66, -0.41, 0.94, 0.56], ""75"": [0.91, 0.84, 0.82, 0.45], ""76"": [0.57, -0.05, 0.45, 0.07], ""77"": [-0.28, -0.35, -0.16, 0.88], ""78"": [-0.33, 0.47, 0.99, -0.82], ""79"": [0.51, -0.11, -0.57, 0.12], ""82"": [0.73, 0.26, -0.3, -0.02], ""83"": [0.73, -0.97, -0.17, -0.13], ""84"": [0.12, -0.42, 0.01, -0.55], ""85"": [0.56, -0.76, -0.67, 0.95], ""86"": [0.2, 0.18, -0.33, -0.56], ""87"": [-0.65, -0.01, 0.17, 0.18], ""88"": [0.7, 0.31, 0.79, -0.76], ""89"": [0.13, 0.32, -0.61, -0.2], ""90"": [0.73, 0.74, 0.38, -0.52], ""91"": [-0.5, 0.5, 0.48, 0.63], ""92"": [0.5, -0.06, 0.8, 0.04], ""93"": [0.1, -0.05, 0.08, 0.72], ""94"": [0.86, 0.42, 0.05, 0.74], ""95"": [-0.83, 0.02, -0.4, -0.29], ""96"": [0.19, -0.24, -0.81, -0.86], ""97"": [-0.95, -0.7, -0.69, 0.25], ""98"": [0.82, 0.77, -0.18, -0.29], ""99"": [0.43, 0.24, -0.03, -0.28], ""100"": [0.26, -0.94, -0.69, 0.35], ""101"": [-0.23, -0.78, 0.48, 0.78], ""102"": [-0.4, 0.28, 0.67, -0.53], ""103"": [0.07, 0.72, -0.65, 0.63], ""104"": [-0.23, 0.24, -0.28, -0.04], ""105"": [0.16, 0.36, -0.3, 0.32], ""106"": [-0.28, -0.36, 0.97, 0.58], ""107"": [0.22, 0.14, 0.77, -0.08], ""108"": [0.45, 0.59, -0.83, -0.33], ""109"": [1.0, 0.88, 0.25, -0.65], ""110"": [0.07, 0.42, 0.4, 0.97], ""111"": [0.06, 0.01, 0.31, -0.57], ""112"": [-0.35, -0.65, 0.4, -0.33], ""113"": [-0.48, -0.94, 0.71, 0.33], ""114"": [0.89, -0.01, 0.33, 0.1], ""115"": [-0.79, -0.62, -0.02, -0.15], ""116"": [0.93, -0.82, 0.62, -0.15], ""117"": [0.16, -0.89, -0.67, 0.95], ""118"": [0.09, 0.45, 0.84, -0.92], ""119"": [0.92, -0.72, -0.73, 0.56], ""120"": [-0.08, 0.43, 0.66, -0.06], ""121"": [0.94, 0.28, -0.86, 0.29], ""122"": [0.56, -0.4, 0.76, -0.97], ""123"": [-0.27, -0.52, -0.64, 0.96], ""124"": [-0.09, 0.48, 0.43, 0.65], ""125"": [0.16, 0.78, -0.09, 0.94], ""126"": [-0.64, 0.18, -0.54, 0.36], ""127"": [-0.24, 0.17, -0.45, -0.15], ""128"": [0.78, 0.08, 0.56, 0.45], ""129"": [0.17, 0.73, -0.91, 0.73], ""130"": [-0.3, -0.18, 0.83, 0.8], ""131"": [-0.18, -0.9, -0.67, 0.3], ""132"": [0.91, -0.28, -0.21, 0.64], ""133"": [0.46, 0.83, -0.45, -0.88], ""134"": [0.99, 0.81, -0.63, -0.99], ""135"": [-0.29, 0.34, 0.12, -0.05], ""136"": [-0.13, 0.64, -0.9, 0.76], ""137"": [-0.77, -0.35, 0.71, 0.16], ""138"": [0.72, 0.13, -0.21, -0.17], ""139"": [-0.2, 0.7, -0.4, -0.38], ""140"": [0.29, 0.99, -0.96, 0.64], ""141"": [0.77, 0.01, -0.47, 0.01], ""142"": [-0.8, -0.49, -0.41, 0.01], ""143"": [0.65, -0.19, 0.18, -0.63], ""144"": [-0.98, -0.56, 0.28, 0.21], ""145"": [0.92, 0.53, -0.06, -0.72], ""146"": [0.03, -0.03, 0.34, -0.94], ""147"": [-0.92, -0.63, 0.81, 0.15], ""148"": [0.82, -0.99, 0.64, 0.06], ""149"": [-0.56, 0.93, -0.11, -0.88], ""150"": [0.41, -0.01, 0.82, -0.81], ""151"": [-0.13, 0.79, 0.1, 0.69], ""152"": [-0.19, 0.61, -0.39, -0.06], ""153"": [-0.53, 0.47, 0.43, 0.32], ""154"": [0.43, 0.87, -0.88, -0.04], ""155"": [-0.79, 0.21, -0.19, 0.47], ""156"": [0.25, -0.89, 0.16, -0.56], ""157"": [0.85, -0.45, -0.08, -0.11], ""158"": [-0.19, 0.62, 0.41, -0.48], ""159"": [-0.0, 0.59, 0.74, -0.1], ""160"": [0.23, 0.94, 0.8, -0.92], ""161"": [0.5, -0.18, 0.91, -0.09], ""162"": [0.19, 0.64, 0.55, 0.41], ""163"": [0.95, -0.23, -0.4, 1.0], ""164"": [0.65, -0.12, -0.49, -0.08], ""165"": [-0.65, 0.76, 0.7, -0.11], ""166"": [-0.93, -0.4, 0.4, 0.03], ""167"": [0.54, -0.5, -0.95, -0.61], ""168"": [0.65, 0.82, 0.49, 0.8], ""169"": [0.17, -0.02, -0.8, 0.71], ""170"": [-0.14, 0.61, -0.03, -0.15], ""171"": [0.87, -0.15, -0.29, -0.37], ""172"": [0.59, 0.53, 0.52, -0.03], ""173"": [0.18, 0.86, -0.34, 0.72], ""174"": [0.91, -0.68, 0.24, 0.52], ""175"": [0.6, 0.12, -0.03, 0.3], ""176"": [-0.72, 0.82, 0.02, 0.87], ""177"": [0.27, -0.45, -0.15, -0.94], ""178"": [0.96, 0.23, 0.07, 0.22], ""179"": [0.86, 0.98, 0.58, -0.33], ""180"": [-0.36, -0.9, -0.29, -0.77], ""181"": [-0.95, 0.44, -0.4, -0.89], ""182"": [-0.21, -0.72, -0.76, -0.52], ""183"": [-0.69, 0.67, -0.7, 0.78], ""184"": [-0.2, -0.4, 0.99, -0.2], ""185"": [0.61, -0.5, 0.93, -0.78], ""186"": [0.96, 0.92, -0.53, 0.71], ""187"": [-0.03, -0.22, 0.01, -0.32], ""188"": [-0.52, -0.15, -0.12, 0.31], ""189"": [-0.83, -0.55, -0.57, 0.4], ""190"": [-0.7, 0.84, -0.34, -0.08], ""191"": [-0.12, 0.33, 0.7, -0.63], ""192"": [0.26, 0.75, 0.68, 0.49], ""193"": [0.89, 0.26, 0.71, 0.02], ""194"": [-0.88, 0.78, 0.58, -0.56], ""195"": [-0.64, -0.03, 0.57, 0.3], ""196"": [0.38, 0.06, -0.89, 0.51], ""197"": [0.24, 0.54, 0.35, -0.78], ""198"": [-0.29, 0.07, 0.01, -0.51], ""199"": [-0.01, 0.65, 0.09, 0.73], ""200"": [-0.04, 0.99, -0.32, 0.62], ""201"": [0.99, -0.24, -0.38, -0.19], ""202"": [0.82, 0.42, -0.0, -0.58], ""203"": [-0.8, 0.4, 0.19, 0.23], ""204"": [-0.54, 0.26, -0.61, -0.97], ""205"": [-0.6, -0.26, 0.05, 0.72], ""206"": [-0.8, -0.69, -0.6, -0.48], ""207"": [0.64, 0.14, 0.63, -0.05], ""208"": [0.85, -0.86, -0.86, 0.43], ""209"": [-0.47, -0.02, 0.66, 0.77], ""210"": [-0.04, -0.31, -0.93, -0.6], ""211"": [0.26, -0.54, 0.19, 0.71], ""212"": [-0.01, 0.37, 0.43, -0.49], ""213"": [-0.57, -0.4, 0.17, -0.46], ""214"": [0.3, 0.84, 0.3, 0.65], ""215"": [0.9, -0.77, -0.21, 0.67], ""216"": [-0.28, -0.01, 0.37, 0.08], ""217"": [-0.96, -0.71, -0.86, -0.35], ""218"": [0.61, -0.02, 0.51, 0.36], ""219"": [0.83, -0.52, 0.13, -0.03], ""220"": [0.65, 0.99, -0.03, -0.12], ""221"": [0.97, 0.41, -0.02, -0.89], ""222"": [0.15, 0.94, -1.0, -0.25], ""225"": [0.83, -0.21, -0.16, -0.03], ""226"": [0.98, 0.76, -0.72, 0.88], ""227"": [0.71, 0.6, -0.81, 0.7], ""228"": [-0.73, 0.25, 0.43, 0.35], ""229"": [-1.0, -0.38, 0.33, 0.6], ""230"": [0.79, -0.49, 0.51, -0.86], ""231"": [0.46, -0.73, 0.85, -0.89], ""232"": [0.81, 0.77, -0.72, 0.31], ""233"": [0.06, 0.09, -0.53, -0.97], ""234"": [-0.87, 0.93, 0.64, -0.78], ""235"": [-0.23, 0.97, 0.09, -0.21], ""236"": [-0.93, 0.21, -0.12, 0.64], ""237"": [-0.79, -0.75, 0.99, 0.82], ""238"": [-0.82, -0.44, 0.28, 0.31], ""239"": [0.1, 0.08, -0.44, -0.67], ""240"": [0.26, 0.65, 0.99, 0.92], ""241"": [0.25, -0.82, 0.01, -0.18], ""242"": [0.7, -0.64, -0.14, 0.29], ""243"": [-0.44, 0.57, 0.9, 0.84], ""244"": [0.34, 0.67, 0.99, 0.88], ""245"": [0.01, -0.62, -0.54, -0.77], ""261"": [0.44, 0.24, -0.8, 0.28], ""262"": [0.16, 0.75, 0.06, 0.18], ""263"": [-0.5, -0.29, 0.91, -0.13], ""264"": [-0.98, -0.99, -0.14, 0.83], ""265"": [-0.87, 0.32, 0.03, -0.41], ""1025"": [0.22, -0.43, 0.97, -0.33], ""1026"": [-0.15, -0.14, 0.35, 0.78], ""1027"": [-0.69, -0.22, -0.27, 0.2], ""1028"": [-0.36, 0.81, 0.41, 0.42], ""1029"": [-0.11, -0.07, -0.67, -0.3], ""1030"": [0.79, -0.05, 0.9, 0.63], ""1031"": [0.95, 0.55, -0.83, -0.64], ""1032"": [-0.02, 0.56, -0.15, 0.71], ""1033"": [-0.82, -0.75, -0.73, -0.7], ""1034"": [0.8, -0.7, 0.52, -0.12], ""1035"": [0.77, -0.17, 0.35, 0.61], ""1036"": [1.0, -0.68, -0.98, 0.12], ""1037"": [0.48, -0.95, 0.24, 0.15], ""1038"": [-0.15, 0.56, 0.43, -0.44], ""1041"": [-0.79, -0.2, 0.61, 0.06], ""1042"": [0.38, 0.52, -0.02, 0.06], ""1043"": [0.11, -0.38, 0.53, -0.01], ""1044"": [0.86, 0.08, 0.71, 0.54], ""1045"": [0.97, 0.81, -0.61, -0.66], ""1046"": [0.82, -0.94, -0.41, 0.91], ""1047"": [0.97, 0.71, 0.81, 0.31], ""1048"": [0.64, 0.79, -0.05, 0.02], ""1049"": [-0.65, 0.72, -0.49, 0.41], ""1050"": [-0.77, 0.02, 0.17, -0.1], ""1051"": [0.06, -0.2, -0.75, -0.34], ""1052"": [-0.5, -0.72, 0.25, -0.63], ""1053"": [0.58, 0.09, -0.37, -0.88], ""1054"": [0.8, 0.03, 0.37, -0.95], ""1055"": [0.01, 0.37, -0.39, -0.89], ""1056"": [-0.87, 0.73, 0.62, -0.64], ""1057"": [0.62, -0.31, 0.38, 1.0], ""1058"": [-0.03, 0.42, 0.78, 0.5], ""1059"": [-0.95, 0.26, 0.99, 0.26], ""1060"": [-0.21, -0.25, -0.16, -0.87], ""1061"": [-0.55, 0.69, 0.14, 0.04], ""1062"": [-0.92, 0.92, -0.01, -0.56], ""1063"": [-0.45, -0.37, -0.64, -0.58], ""1064"": [0.37, 0.06, -0.86, -0.05], ""1065"": [-0.65, 0.13, -0.7, -0.37], ""1066"": [0.72, 0.62, 0.82, 0.12], ""1067"": [0.43, 0.86, 0.86, -0.05], ""1068"": [-0.83, -0.43, 0.92, 0.29], ""1069"": [-0.64, -0.09, 0.3, -0.53], ""1070"": [0.14, 0.91, -0.85, 0.36], ""1071"": [0.5, 0.83, 0.77, -0.35], ""1072"": [-0.64, 0.46, 0.92, 0.06], ""1073"": [0.89, 0.52, -0.8, -0.33], ""1074"": [-0.3, 0.65, -0.22, -0.68], ""1075"": [-0.08, -0.86, 0.6, 0.91], ""1076"": [0.7, -0.36, 0.87, 0.2], ""1077"": [0.09, 0.43, -0.12, 0.82], ""1078"": [-0.83, 0.29, -0.55, 0.25], ""1079"": [0.46, -0.47, -0.59, -0.57], ""1080"": [-0.03, -0.79, -0.76, -0.05], ""9999"": [0.03, 0.67, 1.0, -0.23]}"
